ID,sex,infection,Day,Lipid,Protein,Total
608,M,c,-7,6.13,2.72,8.85
608,M,c,-6,3.015,5.755,8.77
608,M,c,-5,5.43,7.58,13.01
608,M,c,-4,1.65,3.49,5.14
608,M,c,-3,1.44,10.45,11.89
608,M,c,-2,0.55,0.77,1.32
608,M,c,-1,-0.12,2.24,2.12
608,M,c,1,-4.83,-2.49,-7.32
608,M,c,2,3.83,3.22,7.05
608,M,c,3,1.87,4,5.87
608,M,c,4,2.12,4.34,6.46
608,M,c,5,9.06,4.58,13.64
608,M,c,6,5.17,3.53,8.7
608,M,c,7,1.44,2.22,3.66
608,M,c,8,3.51,5.52,9.03
608,M,c,9,1.13,3.54,4.67
608,M,c,10,6.54,2.69,9.23
608,M,c,11,6.26,5.5,11.76
608,M,c,12,8.2,4.48,12.68
608,M,c,13,7.72,6.97,14.69
608,M,c,14,5.58,7.89,13.47
608,M,c,15,4.75,2.18,6.93
608,M,c,16,5.19,1.24,6.43
608,M,c,17,4.82,3.88,8.7
608,M,c,18,8.62,1.67,10.29
608,M,c,19,8.14,3.37,11.51
608,M,c,20,9,4.31,13.31
608,M,c,21,8.55,4.1,12.65
608,M,c,22,-1.89,7.55,5.66
608,M,c,23,5.42,2.51,7.93
608,M,c,24,6.31,3.82,10.13
608,M,c,25,5.67,2.55,8.22
608,M,c,26,4.56,2.62,7.18
608,M,c,27,4.64,1.41,6.05
608,M,c,28,4.34,6.21,10.55
624,M,c,-7,5.86,0.53,6.39
624,M,c,-6,2.765,3.995,6.76
624,M,c,-5,5.24,3.28,8.52
624,M,c,-4,0.83,0.82,1.65
624,M,c,-3,0.97,2.53,3.5
624,M,c,-2,0.14,1.64,1.78
624,M,c,-1,-0.05,1.38,1.33
624,M,c,1,-6.71,-2.12,-8.83
624,M,c,2,0.46,6.4,6.86
624,M,c,3,5.91,5.33,11.24
624,M,c,4,2.73,4.68,7.41
624,M,c,5,4.82,0.63,5.45
624,M,c,6,4.85,5.87,10.72
624,M,c,7,3.76,5.24,9
624,M,c,8,4.84,7.47,12.31
624,M,c,9,1.33,3.41,4.74
624,M,c,10,7.04,1.63,8.67
624,M,c,11,4.02,5.58,9.6
624,M,c,12,7.04,6.58,13.62
624,M,c,13,8.29,4.74,13.03
624,M,c,14,7.07,3.09,10.16
624,M,c,15,4.65,-0.26,4.39
624,M,c,16,6.43,0.82,7.25
624,M,c,17,4.19,3.63,7.82
624,M,c,18,5.54,5.67,11.21
624,M,c,19,3.23,4.94,8.17
624,M,c,20,3.98,4.18,8.16
624,M,c,21,4.37,4.76,9.13
624,M,c,22,6.16,2.28,8.44
624,M,c,23,6.31,4.67,10.98
624,M,c,24,4.47,6.56,11.03
624,M,c,25,4.28,5.4,9.68
624,M,c,26,4.37,6.18,10.55
624,M,c,27,2.42,3.73,6.15
624,M,c,28,2.55,5.02,7.57
630,M,c,-7,5.64,1.6,7.24
630,M,c,-6,8.035,7.975,16.01
630,M,c,-5,6.37,2.35,8.72
630,M,c,-4,5.24,4.31,9.55
630,M,c,-3,6.89,1.44,8.33
630,M,c,-2,1.17,1.46,2.63
630,M,c,-1,1.36,0.91,2.27
630,M,c,1,9.92,6.01,15.93
630,M,c,2,5.54,3.01,8.55
630,M,c,3,2.73,2.97,5.7
630,M,c,4,1.76,6.33,8.09
630,M,c,5,5.68,5.61,11.29
630,M,c,6,5.35,7.45,12.8
630,M,c,7,11.3,9.06,20.36
630,M,c,8,7.05,8.44,15.49
630,M,c,9,5.36,2.27,7.63
630,M,c,10,7.94,5.88,13.82
630,M,c,11,13.67,4,17.67
630,M,c,12,12.05,7.8,19.85
630,M,c,13,11.02,7.25,18.27
630,M,c,14,9.37,8.42,17.79
630,M,c,15,7.3,4.17,11.47
630,M,c,16,9.44,1.31,10.75
630,M,c,17,9.76,1.75,11.51
630,M,c,18,10.94,5.15,16.09
630,M,c,19,8.5,5.02,13.52
630,M,c,20,7.11,6.23,13.34
630,M,c,21,8.94,7.5,16.44
630,M,c,22,2.72,6.23,8.95
630,M,c,23,7.28,6.16,13.44
630,M,c,24,1.5,10.6,12.1
630,M,c,25,5.7,3.49,9.19
630,M,c,26,3.72,6.9,10.62
630,M,c,27,3.37,3.44,6.81
630,M,c,28,11.96,7.38,19.34
690,F,c,-7,0.91,2.51,3.42
690,F,c,-6,5.505,6.155,11.66
690,F,c,-5,5.19,1.76,6.95
690,F,c,-4,2.22,5.89,8.11
690,F,c,-3,5.35,7.59,12.94
690,F,c,-2,0.05,1.56,1.61
690,F,c,-1,0.17,0.82,0.99
690,F,c,1,4.63,3.8,8.43
690,F,c,2,2.01,4.5,6.51
690,F,c,3,2.8,1.43,4.23
690,F,c,4,2.66,6.32,8.98
690,F,c,5,1.54,4.59,6.13
690,F,c,6,4.06,5.26,9.32
690,F,c,7,6.81,6.31,13.12
690,F,c,8,3.2,7.83,11.03
690,F,c,9,4.58,4.11,8.69
690,F,c,10,3.24,9.4,12.64
690,F,c,11,5.81,10.14,15.95
690,F,c,12,7.91,8.67,16.58
690,F,c,13,5.77,9.55,15.32
690,F,c,14,4.9,10.74,15.64
690,F,c,15,3.82,5.53,9.35
690,F,c,16,4.76,3.82,8.58
690,F,c,17,5.57,5.28,10.85
690,F,c,18,7.58,7.02,14.6
690,F,c,19,5.1,6.98,12.08
690,F,c,20,5.27,5.72,10.99
690,F,c,21,6.43,5.53,11.96
690,F,c,22,12.61,11.26,23.87
690,F,c,23,10.36,6.94,17.3
690,F,c,24,9.27,9.87,19.14
690,F,c,25,7.87,8.89,16.76
690,F,c,26,8.09,7.86,15.95
690,F,c,27,7.92,7.01,14.93
690,F,c,28,8.68,10.23,18.91
Blue004,F,c,-7,3.06,6.11,9.17
Blue004,F,c,-6,3.165,4.185,7.35
Blue004,F,c,-5,3.02,7.14,10.16
Blue004,F,c,-4,1.72,7.33,9.05
Blue004,F,c,-3,-0.15,2.59,2.44
Blue004,F,c,-2,0.05,0.78,0.83
Blue004,F,c,-1,6.51,1.29,7.8
Blue004,F,c,1,3.6,-0.37,3.23
Blue004,F,c,2,4.56,3.5,8.06
Blue004,F,c,3,1.89,1.08,2.97
Blue004,F,c,4,4.25,7.88,12.13
Blue004,F,c,5,3.51,6.78,10.29
Blue004,F,c,6,4.4,1.49,5.89
Blue004,F,c,7,6.56,4.29,10.85
Blue004,F,c,8,3.02,1.42,4.44
Blue004,F,c,9,5.96,5.1,11.06
Blue004,F,c,10,3.03,2.31,5.34
Blue004,F,c,11,6.45,6.04,12.49
Blue004,F,c,12,4.46,3.8,8.26
Blue004,F,c,13,6.27,6.98,13.25
Blue004,F,c,14,9.06,2.68,11.74
Blue004,F,c,15,6.34,-0.23,6.11
Blue004,F,c,16,5.33,2.06,7.39
Blue004,F,c,17,9.41,1.38,10.79
Blue004,F,c,18,9.49,5.34,14.83
Blue004,F,c,19,8.6,5.71,14.31
Blue004,F,c,20,6.38,10.61,16.99
Blue004,F,c,21,7.64,7.52,15.16
Blue004,F,c,22,2.57,10.15,12.72
Blue004,F,c,23,7.14,1.54,8.68
Blue004,F,c,24,5.74,10.45,16.19
Blue004,F,c,25,4.87,8.65,13.52
Blue004,F,c,26,2.86,1.29,4.15
Blue004,F,c,27,3.44,3.91,7.35
Blue004,F,c,28,11.5,8.48,19.98
LD18202,M,c,-7,5.82,7.21,13.03
LD18202,M,c,-6,2.165,5.275,7.44
LD18202,M,c,-5,4.54,2.65,7.19
LD18202,M,c,-4,7.86,1.79,9.65
LD18202,M,c,-3,0.92,2.56,3.48
LD18202,M,c,-2,0.31,0.98,1.29
LD18202,M,c,-1,0.16,0.74,0.9
LD18202,M,c,1,1.95,-0.92,1.03
LD18202,M,c,2,-2.12,5.22,3.1
LD18202,M,c,3,4.86,-0.2,4.66
LD18202,M,c,4,1.27,5.81,7.08
LD18202,M,c,5,3.42,2.36,5.78
LD18202,M,c,6,3.3,0.43,3.73
LD18202,M,c,7,1.45,6.75,8.2
LD18202,M,c,8,1.13,5.06,6.19
LD18202,M,c,9,1.36,9.39,10.75
LD18202,M,c,10,2.55,8.43,10.98
LD18202,M,c,11,5.38,10.11,15.49
LD18202,M,c,12,4.9,9.47,14.37
LD18202,M,c,13,5.81,9.97,15.78
LD18202,M,c,14,5.31,6.59,11.9
LD18202,M,c,15,0.58,1.48,2.06
LD18202,M,c,16,1.31,5.33,6.64
LD18202,M,c,17,2,6.33,8.33
LD18202,M,c,18,4.14,5.04,9.18
LD18202,M,c,19,4.41,6.21,10.62
LD18202,M,c,20,5.33,8.13,13.46
LD18202,M,c,21,3.7,5.51,9.21
LD18202,M,c,22,4.14,2.81,6.95
LD18202,M,c,23,3.2,3.1,6.3
LD18202,M,c,24,4.35,4.62,8.97
LD18202,M,c,25,4.77,2.78,7.55
LD18202,M,c,26,5.38,1.17,6.55
LD18202,M,c,27,3.74,10.73,14.47
LD18202,M,c,28,6.91,10.83,17.74
LD19211,M,c,-7,2.84,6.68,9.52
LD19211,M,c,-6,4.005,7.005,11.01
LD19211,M,c,-5,5.29,5.5,10.79
LD19211,M,c,-4,3.35,6.99,10.34
LD19211,M,c,-3,1.37,2.48,3.85
LD19211,M,c,-2,4.47,1.33,5.8
LD19211,M,c,-1,0.75,3.49,4.24
LD19211,M,c,1,-1.02,1.04,0.02
LD19211,M,c,2,4.34,7.68,12.02
LD19211,M,c,3,12.64,8.81,21.45
LD19211,M,c,4,3.11,8.39,11.5
LD19211,M,c,5,4.68,11.33,16.01
LD19211,M,c,6,9.26,5.84,15.1
LD19211,M,c,7,9.1,2.44,11.54
LD19211,M,c,8,4.15,8.16,12.31
LD19211,M,c,9,4.81,7.12,11.93
LD19211,M,c,10,7.39,4.48,11.87
LD19211,M,c,11,11.43,3.18,14.61
LD19211,M,c,12,5.35,5.46,10.81
LD19211,M,c,13,4.77,2.61,7.38
LD19211,M,c,14,6.47,3.89,10.36
LD19211,M,c,15,6.82,1.28,8.1
LD19211,M,c,16,8.93,1.23,10.16
LD19211,M,c,17,7.86,1.77,9.63
LD19211,M,c,18,8.24,4.55,12.79
LD19211,M,c,19,6.09,4.74,10.83
LD19211,M,c,20,7.01,5.71,12.72
LD19211,M,c,21,6.53,8.46,14.99
LD19211,M,c,22,6.71,3.29,10
LD19211,M,c,23,9.55,4.41,13.96
LD19211,M,c,24,7.88,10.03,17.91
LD19211,M,c,25,8.03,7.73,15.76
LD19211,M,c,26,6.07,8.3,14.37
LD19211,M,c,27,7.77,4.79,12.56
LD19211,M,c,28,16.27,16.13,32.4
LD238,F,c,-7,3.44,2.66,6.1
LD238,F,c,-6,4.715,5.175,9.89
LD238,F,c,-5,3.99,5.61,9.6
LD238,F,c,-4,2.61,2.21,4.82
LD238,F,c,-3,2.77,1.04,3.81
LD238,F,c,-2,0.48,0.77,1.25
LD238,F,c,-1,2.82,4.5,7.32
LD238,F,c,1,-4.46,-1.14,-5.6
LD238,F,c,2,1.26,4.67,5.93
LD238,F,c,3,2.59,5.49,8.08
LD238,F,c,4,1.26,6.35,7.61
LD238,F,c,5,1.8,1.89,3.69
LD238,F,c,6,1.74,1.76,3.5
LD238,F,c,7,1.51,2.6,4.11
LD238,F,c,8,3.32,4.47,7.79
LD238,F,c,9,1.29,3.46,4.75
LD238,F,c,10,0.8,8.06,8.86
LD238,F,c,11,3.88,8.17,12.05
LD238,F,c,12,2.88,8.49,11.37
LD238,F,c,13,1.75,11.19,12.94
LD238,F,c,14,3.15,6.39,9.54
LD238,F,c,15,1.48,4.49,5.97
LD238,F,c,16,3.12,2.46,5.58
LD238,F,c,17,1.11,4.72,5.83
LD238,F,c,18,3.47,6.76,10.23
LD238,F,c,19,3.15,5.58,8.73
LD238,F,c,20,2.67,5.24,7.91
LD238,F,c,21,3.55,4.05,7.6
LD238,F,c,22,0.15,8.6,8.75
LD238,F,c,23,6.63,2.34,8.97
LD238,F,c,24,5.27,2.24,7.51
LD238,F,c,25,7.46,4.36,11.82
LD238,F,c,26,4.97,2.36,7.33
LD238,F,c,27,3.42,3.13,6.55
LD238,F,c,28,2.72,4.51,7.23
LD243,F,c,-7,0.57,6.42,6.99
LD243,F,c,-6,-1.775,11.695,9.92
LD243,F,c,-5,0.64,10.57,11.21
LD243,F,c,-4,2.86,9.28,12.14
LD243,F,c,-3,3.59,7.7,11.29
LD243,F,c,-2,0.35,7,7.35
LD243,F,c,-1,-0.61,6.8,6.19
LD243,F,c,1,13.43,5.33,18.76
LD243,F,c,2,1.47,7.46,8.93
LD243,F,c,3,7.06,10.7,17.76
LD243,F,c,4,1.24,6.5,7.74
LD243,F,c,5,2.2,3.27,5.47
LD243,F,c,6,1.31,13.09,14.4
LD243,F,c,7,0.17,9.96,10.13
LD243,F,c,8,3.21,12.24,15.45
LD243,F,c,9,1.34,8.07,9.41
LD243,F,c,10,2.68,8.89,11.57
LD243,F,c,11,1.81,12.79,14.6
LD243,F,c,12,5.77,8.53,14.3
LD243,F,c,13,4.24,9.55,13.79
LD243,F,c,14,6.15,8.64,14.79
LD243,F,c,15,2.16,7.88,10.04
LD243,F,c,16,9.35,3.6,12.95
LD243,F,c,17,3.43,7.64,11.07
LD243,F,c,18,6.55,9.64,16.19
LD243,F,c,19,7.11,9.42,16.53
LD243,F,c,20,7.65,9.91,17.56
LD243,F,c,21,10.56,5.64,16.2
LD243,F,c,22,7.9,6.05,13.95
LD243,F,c,23,8.4,9.15,17.55
LD243,F,c,24,5.75,9.14,14.89
LD243,F,c,25,8.07,7.84,15.91
LD243,F,c,26,8.6,9.79,18.39
LD243,F,c,27,0.44,7.68,8.12
LD243,F,c,28,17.45,12.63,30.08
LD553,F,c,-7,4.79,11.12,15.91
LD553,F,c,-6,9.945,11.905,21.85
LD553,F,c,-5,5.98,11.4,17.38
LD553,F,c,-4,1.52,9.79,11.31
LD553,F,c,-3,7.49,6.88,14.37
LD553,F,c,-2,0.4,10.89,11.29
LD553,F,c,-1,0.23,7.6,7.83
LD553,F,c,1,-3.67,4.76,1.09
LD553,F,c,2,2.19,10.31,12.5
LD553,F,c,3,4.45,9.3,13.75
LD553,F,c,4,3.19,10.89,14.08
LD553,F,c,5,2.05,5.25,7.3
LD553,F,c,6,7.06,9.98,17.04
LD553,F,c,7,0.08,8.81,8.89
LD553,F,c,8,6.2,10.37,16.57
LD553,F,c,9,2.33,7.26,9.59
LD553,F,c,10,4.31,12.03,16.34
LD553,F,c,11,4.11,13.57,17.68
LD553,F,c,12,4.38,12.56,16.94
LD553,F,c,13,3.07,13.36,16.43
LD553,F,c,14,4.36,10.37,14.73
LD553,F,c,15,2.83,9.43,12.26
LD553,F,c,16,5.86,6.42,12.28
LD553,F,c,17,5.45,12.07,17.52
LD553,F,c,18,8.73,13.37,22.1
LD553,F,c,19,7.61,10.76,18.37
LD553,F,c,20,7.92,10.3,18.22
LD553,F,c,21,7.19,10.93,18.12
LD553,F,c,22,12.2,11.73,23.93
LD553,F,c,23,5.66,13.38,19.04
LD553,F,c,24,4.45,12.01,16.46
LD553,F,c,25,7.41,11.25,18.66
LD553,F,c,26,5.62,9.84,15.46
LD553,F,c,27,3.65,8.47,12.12
LD553,F,c,28,5.37,12.02,17.39
LD578,F,c,-7,7.66,4.89,12.55
LD578,F,c,-6,6.725,5.935,12.66
LD578,F,c,-5,7.48,8.48,15.96
LD578,F,c,-4,4.34,3.61,7.95
LD578,F,c,-3,6.44,8.74,15.18
LD578,F,c,-2,1.22,2.79,4.01
LD578,F,c,-1,4.74,3.93,8.67
LD578,F,c,1,0.99,3.34,4.33
LD578,F,c,2,5.21,6.39,11.6
LD578,F,c,3,4.87,6.97,11.84
LD578,F,c,4,2.88,7.8,10.68
LD578,F,c,5,7.65,7.94,15.59
LD578,F,c,6,3.19,8.42,11.61
LD578,F,c,7,4.41,4.96,9.37
LD578,F,c,8,6.17,4.74,10.91
LD578,F,c,9,2.67,7.39,10.06
LD578,F,c,10,4.3,7.55,11.85
LD578,F,c,11,9.17,8.59,17.76
LD578,F,c,12,7.83,7.96,15.79
LD578,F,c,13,6.78,9.95,16.73
LD578,F,c,14,6.51,10.89,17.4
LD578,F,c,15,3.27,6.71,9.98
LD578,F,c,16,3.57,7.02,10.59
LD578,F,c,17,4.6,8.03,12.63
LD578,F,c,18,7.19,7.52,14.71
LD578,F,c,19,5.14,6.9,12.04
LD578,F,c,20,5.77,7.6,13.37
LD578,F,c,21,5.75,7.3,13.05
LD578,F,c,22,7.36,12.98,20.34
LD578,F,c,23,7.27,8.6,15.87
LD578,F,c,24,4.12,9.9,14.02
LD578,F,c,25,7.02,7.47,14.49
LD578,F,c,26,4.25,7.95,12.2
LD578,F,c,27,3.96,4.66,8.62
LD578,F,c,28,4.18,7.31,11.49
MK114,M,c,-7,7.49,0.82,8.31
MK114,M,c,-6,5.655,1.925,7.58
MK114,M,c,-5,4.4,1.22,5.62
MK114,M,c,-4,1.91,2.7,4.61
MK114,M,c,-3,0.2,5.74,5.94
MK114,M,c,-2,4.66,0.92,5.58
MK114,M,c,-1,1.82,0.61,2.43
MK114,M,c,1,12.33,8.82,21.15
MK114,M,c,2,3.05,3.28,6.33
MK114,M,c,3,3.37,1.58,4.95
MK114,M,c,4,3.03,4.17,7.2
MK114,M,c,5,2.1,5.81,7.91
MK114,M,c,6,-1.46,4.14,2.68
MK114,M,c,7,-0.45,3.39,2.94
MK114,M,c,8,5.31,4.57,9.88
MK114,M,c,9,7.72,7.71,15.43
MK114,M,c,10,6.49,6.84,13.33
MK114,M,c,11,4.02,9,13.02
MK114,M,c,12,4.25,8.68,12.93
MK114,M,c,13,3.79,10.7,14.49
MK114,M,c,14,4.94,10.32,15.26
MK114,M,c,15,3.74,3.24,6.98
MK114,M,c,16,4.69,3.61,8.3
MK114,M,c,17,4.23,4.89,9.12
MK114,M,c,18,5.35,4.92,10.27
MK114,M,c,19,7.08,5.92,13
MK114,M,c,20,5.14,6.29,11.43
MK114,M,c,21,8.25,5.52,13.77
MK114,M,c,22,7.94,-1.14,6.8
MK114,M,c,23,6.33,3.58,9.91
MK114,M,c,24,3.25,2.96,6.21
MK114,M,c,25,4.24,2.64,6.88
MK114,M,c,26,2.12,3.87,5.99
MK114,M,c,27,2.44,3.02,5.46
MK114,M,c,28,6.04,2.4,8.44
609,M,mg,-7,12.13,7.36,19.49
609,M,mg,-6,4.435,3.645,8.08
609,M,mg,-5,0.18,3.46,3.64
609,M,mg,-4,6.5,2.62,9.12
609,M,mg,-3,6,1.18,7.18
609,M,mg,-2,-0.69,3.89,3.2
609,M,mg,-1,2,2.35,4.35
609,M,mg,1,-0.82,0.82,3.55E-15
609,M,mg,2,2.48,3.74,6.22
609,M,mg,3,-0.62,3.96,3.34
609,M,mg,4,3.57,9.67,13.24
609,M,mg,5,5.21,0.45,5.66
609,M,mg,6,5.54,0.58,6.12
609,M,mg,7,3.24,6.05,9.29
609,M,mg,8,4.41,-0.02,4.39
609,M,mg,9,1.31,11.04,12.35
609,M,mg,10,0.72,7.48,8.2
609,M,mg,11,2.31,7.95,10.26
609,M,mg,12,3.31,7.39,10.7
609,M,mg,13,8.43,3.11,11.54
609,M,mg,14,2.77,3.77,6.54
609,M,mg,15,4.65,0.67,5.32
609,M,mg,16,1.03,10.39,11.42
609,M,mg,17,0.4,11.99,12.39
609,M,mg,18,2.11,13.35,15.46
609,M,mg,19,2.34,11.45,13.79
609,M,mg,20,2.27,10.22,12.49
609,M,mg,21,3.12,4.19,7.31
609,M,mg,22,6.42,8.66,15.08
609,M,mg,23,5.86,8.86,14.72
609,M,mg,24,5.33,5.27,10.6
609,M,mg,25,6.82,7.87,14.69
609,M,mg,26,5.7,10.25,15.95
609,M,mg,27,3.38,7.52,10.9
609,M,mg,28,4.66,8.77,13.43
616,M,mg,-7,3.5,3.79,7.29
616,M,mg,-6,2.365,5.175,7.54
616,M,mg,-5,2.62,6.01,8.63
616,M,mg,-4,0.61,3.98,4.59
616,M,mg,-3,4.8,1.6,6.4
616,M,mg,-2,0.95,2.22,3.17
616,M,mg,-1,2.33,1.16,3.49
616,M,mg,1,2.23,-0.1,2.13
616,M,mg,2,1.03,-0.03,1
616,M,mg,3,1.61,-4.91,-3.3
616,M,mg,4,0.72,3.5,4.22
616,M,mg,5,6.47,8.15,14.62
616,M,mg,6,3.99,5.09,9.08
616,M,mg,7,0.98,3.2,4.18
616,M,mg,8,2.12,6.4,8.52
616,M,mg,9,1.05,1.46,2.51
616,M,mg,10,4.36,0.06,4.42
616,M,mg,11,5.23,0.62,5.85
616,M,mg,12,6.84,3.02,9.86
616,M,mg,13,4.73,4.39,9.12
616,M,mg,14,7.59,9.34,16.93
616,M,mg,15,2.05,3.08,5.13
616,M,mg,16,3.29,1.77,5.06
616,M,mg,17,0.36,3.79,4.15
616,M,mg,18,1.1,8.85,9.95
616,M,mg,19,3.17,8.46,11.63
616,M,mg,20,2.8,9.01,11.81
616,M,mg,21,2.77,7.52,10.29
616,M,mg,22,3.61,3.5,7.11
616,M,mg,23,11.38,10.44,21.82
616,M,mg,24,6.7,8.08,14.78
616,M,mg,25,10.52,7.56,18.08
616,M,mg,26,8.07,9.08,17.15
616,M,mg,27,2.2,5.93,8.13
616,M,mg,28,3.48,2.06,5.54
1217,F,mg,-7,4.19,1.15,5.34
1217,F,mg,-6,1.775,3.735,5.51
1217,F,mg,-5,0.86,1.64,2.5
1217,F,mg,-4,1.08,0.72,1.8
1217,F,mg,-3,1.44,1.43,2.87
1217,F,mg,-2,1.11,1.58,2.69
1217,F,mg,-1,0.6,1.44,2.04
1217,F,mg,1,0,-0.56,-0.56
1217,F,mg,2,3.35,5.37,8.72
1217,F,mg,3,1.6,1.48,3.08
1217,F,mg,4,1.19,1,2.19
1217,F,mg,5,3.57,0.31,3.88
1217,F,mg,6,1.93,4.12,6.05
1217,F,mg,7,0.48,5,5.48
1217,F,mg,8,0.96,1.94,2.9
1217,F,mg,9,5.54,1.77,7.31
1217,F,mg,10,4.26,2.93,7.19
1217,F,mg,11,3.32,4.56,7.88
1217,F,mg,12,4.29,5.12,9.41
1217,F,mg,13,1.03,8.31,9.34
1217,F,mg,14,2.68,5.36,8.04
1217,F,mg,15,0.38,0.36,0.74
1217,F,mg,16,5.13,2.15,7.28
1217,F,mg,17,2.64,2.33,4.97
1217,F,mg,18,5.12,3.43,8.55
1217,F,mg,19,3.49,4.64,8.13
1217,F,mg,20,4,3.55,7.55
1217,F,mg,21,1.58,4.8,6.38
1217,F,mg,22,2.39,-0.58,1.81
1217,F,mg,23,4.62,3.66,8.28
1217,F,mg,24,2.3,2.85,5.15
1217,F,mg,25,3.3,5.24,8.54
1217,F,mg,26,4.68,3.08,7.76
1217,F,mg,27,2.23,-0.84,1.39
1217,F,mg,28,4.73,4.72,9.45
Blue014,M,mg,-7,8.48,2.99,11.47
Blue014,M,mg,-6,7.585,0.355,7.94
Blue014,M,mg,-5,2.23,-0.08,2.15
Blue014,M,mg,-4,9.8,1.59,11.39
Blue014,M,mg,-3,3.07,1.67,4.74
Blue014,M,mg,-2,1.33,1.3,2.63
Blue014,M,mg,-1,4.51,-0.16,4.35
Blue014,M,mg,1,1,-0.09,0.91
Blue014,M,mg,2,4.31,0.14,4.45
Blue014,M,mg,3,0.01,2,2.01
Blue014,M,mg,4,5.14,3.59,8.73
Blue048,M,mg,-7,5.91,1.51,7.42
Blue048,M,mg,-6,1.585,9.855,11.44
Blue048,M,mg,-5,3.66,0.4,4.06
Blue048,M,mg,-4,2.35,1.82,4.17
Blue048,M,mg,-3,3.12,4.86,7.98
Blue048,M,mg,-2,0.67,0.65,1.32
Blue048,M,mg,-1,0.67,0.3,0.97
Blue048,M,mg,1,2.95,-2.95,0
Blue048,M,mg,2,1.36,3.42,4.78
Blue048,M,mg,3,0.36,1.1,1.46
Blue048,M,mg,4,2.39,3.86,6.25
Blue048,M,mg,5,2.56,2.21,4.77
Blue048,M,mg,6,5.41,2.23,7.64
Blue048,M,mg,7,0.43,2.3,2.73
Blue048,M,mg,8,0.1,5.61,5.71
Blue048,M,mg,9,2.61,1.03,3.64
Blue048,M,mg,10,-0.45,4.92,4.47
Blue048,M,mg,11,-0.27,4.51,4.24
Blue048,M,mg,12,1.96,7.88,9.84
Blue048,M,mg,13,0.78,7.25,8.03
Blue048,M,mg,14,3.08,4.16,7.24
Blue048,M,mg,15,0.39,3.67,4.06
Blue048,M,mg,16,2.41,1.57,3.98
Blue048,M,mg,17,3.31,3.26,6.57
Blue048,M,mg,18,4.83,1.14,5.97
Blue048,M,mg,19,6.13,2.2,8.33
Blue048,M,mg,20,4.17,2.82,6.99
Blue048,M,mg,21,2.25,9.36,11.61
Blue048,M,mg,22,3.67,-0.06,3.61
Blue048,M,mg,23,9.61,7.91,17.52
Blue048,M,mg,24,1.67,9.47,11.14
Blue048,M,mg,25,7.21,3.47,10.68
Blue048,M,mg,26,4.17,4.23,8.4
Blue048,M,mg,27,4.96,-0.68,4.28
Blue048,M,mg,28,6.44,0.04,6.48
Blue096,M,mg,-7,1.42,8.43,9.85
Blue096,M,mg,-6,0.035,3.575,3.61
Blue096,M,mg,-5,0.2,3.68,3.88
Blue096,M,mg,-4,0.22,3.57,3.79
Blue096,M,mg,-3,1.04,2.84,3.88
Blue096,M,mg,-2,1.1,1.43,2.53
Blue096,M,mg,-1,1.82,1.84,3.66
Blue096,M,mg,1,0.07,0.15,0.22
Blue096,M,mg,2,0.95,2.42,3.37
Blue096,M,mg,3,0.74,0.95,1.69
Blue096,M,mg,4,3.23,1.19,4.42
Blue096,M,mg,5,3.22,3.29,6.51
Blue096,M,mg,6,1.63,4.3,5.93
LD19208,M,mg,-7,12.25,0.44,12.69
LD19208,M,mg,-6,4.665,3.325,7.99
LD19208,M,mg,-5,0.74,5.13,5.87
LD19208,M,mg,-4,5.99,2.8,8.79
LD19208,M,mg,-3,0.61,1.95,2.56
LD19208,M,mg,-2,0.13,1.63,1.76
LD19208,M,mg,-1,1.33,-5.5,-4.17
LD19208,M,mg,1,0.47,0.46,0.93
LD19208,M,mg,2,1.66,2.51,4.17
LD19208,M,mg,3,-0.51,1.93,1.42
LD19208,M,mg,4,2.51,0.94,3.45
LD19208,M,mg,5,0.86,2.51,3.37
LD19208,M,mg,6,2.66,3.09,5.75
LD19208,M,mg,7,3.95,2.53,6.48
LD19208,M,mg,8,6.18,4.22,10.4
LD19208,M,mg,9,4.78,6.89,11.67
LD19208,M,mg,10,3.57,4.74,8.31
LD19208,M,mg,11,2.78,3.53,6.31
LD19208,M,mg,12,2.98,7.28,10.26
LD19208,M,mg,13,7.19,3.75,10.94
LD19208,M,mg,14,4.16,3.47,7.63
LD19208,M,mg,15,-0.21,1.58,1.37
LD19208,M,mg,16,6.57,4.51,11.08
LD19208,M,mg,17,3.94,2.71,6.65
LD19208,M,mg,18,5.5,3.66,9.16
LD19208,M,mg,19,4.6,3.03,7.63
LD19208,M,mg,20,5.13,2.51,7.64
LD19208,M,mg,21,3.94,4.37,8.31
LD19208,M,mg,22,3.19,-0.58,2.61
LD19208,M,mg,23,4.74,2.17,6.91
LD19208,M,mg,24,6.33,2.41,8.74
LD19208,M,mg,25,4.94,5.33,10.27
LD19208,M,mg,26,3.75,4.3,8.05
LD19208,M,mg,27,0.75,0.38,1.13
LD19208,M,mg,28,4.55,3.76,8.31
LD245,F,mg,-7,9.1,6.77,15.87
LD245,F,mg,-6,7.545,5.355,12.9
LD245,F,mg,-5,3.78,4.5,8.28
LD245,F,mg,-4,11.85,1.24,13.09
LD245,F,mg,-3,2.62,1.43,4.05
LD245,F,mg,-2,4.3,1.15,5.45
LD245,F,mg,-1,6.26,5.27,11.53
LD245,F,mg,1,-0.61,1.96,1.35
LD245,F,mg,2,3.95,4.08,8.03
LD245,F,mg,3,0.77,4.75,5.52
LD245,F,mg,4,5.18,6.65,11.83
LD245,F,mg,5,1.92,5.63,7.55
LD245,F,mg,6,0.91,5.43,6.34
LD245,F,mg,7,2.24,4.23,6.47
LD245,F,mg,8,1.17,1.44,2.61
LD245,F,mg,9,2.23,5.38,7.61
LD245,F,mg,10,1.31,10.86,12.17
LD245,F,mg,11,3.5,8.41,11.91
LD245,F,mg,12,3.92,8.41,12.33
LD245,F,mg,13,6.9,5.82,12.72
LD245,F,mg,14,5.1,9.95,15.05
LD245,F,mg,15,-0.08,4.15,4.07
LD245,F,mg,16,6.6,3.49,10.09
LD245,F,mg,17,2.98,6.42,9.4
LD245,F,mg,18,5.19,6.25,11.44
LD245,F,mg,19,6.14,6.27,12.41
LD245,F,mg,20,5.54,4.62,10.16
LD245,F,mg,21,7.19,5.79,12.98
LD245,F,mg,22,7.86,8.32,16.18
LD245,F,mg,23,8.34,8.42,16.76
LD245,F,mg,24,9.9,5.78,15.68
LD245,F,mg,25,7.99,6.67,14.66
LD245,F,mg,26,7.03,9.95,16.98
LD245,F,mg,27,7.25,3.15,10.4
LD245,F,mg,28,8.6,12.32,20.92
LD541,F,mg,-7,8.28,5.84,14.12
LD541,F,mg,-6,5.775,11.935,17.71
LD541,F,mg,-5,3.87,0.4,4.27
LD541,F,mg,-4,8.7,10.81,19.51
LD541,F,mg,-3,5.53,2.35,7.88
LD541,F,mg,-2,1.58,5.45,7.03
LD541,F,mg,-1,1.73,1.98,3.71
LD541,F,mg,1,0.83,0.56,1.39
LD541,F,mg,2,4.51,3.3,7.81
LD541,F,mg,3,0.3,-0.92,-0.62
LD541,F,mg,4,3.15,1.16,4.31
LD541,F,mg,5,2.15,1.87,4.02
LD541,F,mg,6,3.17,0.97,4.14
LD541,F,mg,7,2.91,4.6,7.51
LD541,F,mg,8,2.01,3.29,5.3
LD541,F,mg,9,4.32,6.33,10.65
LD541,F,mg,10,5.67,4.87,10.54
LD541,F,mg,11,4.77,5.53,10.3
LD541,F,mg,12,4.3,5.47,9.77
LD541,F,mg,13,2.09,9.33,11.42
LD541,F,mg,14,2.74,7.26,10
LD541,F,mg,15,1.01,2.86,3.87
LD541,F,mg,16,3.13,6.09,9.22
LD541,F,mg,17,4.17,4.89,9.06
LD541,F,mg,18,4.18,5.25,9.43
LD541,F,mg,19,4.57,4.7,9.27
LD541,F,mg,20,3.52,4.57,8.09
LD541,F,mg,21,4.6,12.42,17.02
LD541,F,mg,22,7.33,9.26,16.59
LD541,F,mg,23,2.74,10.13,12.87
LD541,F,mg,24,9.29,12.27,21.56
LD541,F,mg,25,7.47,9.57,17.04
LD541,F,mg,26,8.73,7.37,16.1
LD541,F,mg,27,6.93,3.17,10.1
LD541,F,mg,28,10.55,9.63,20.18
LD584,F,mg,-7,0.93,1.62,2.55
LD584,F,mg,-6,3.635,5.415,9.05
LD584,F,mg,-5,0.71,5.55,6.26
LD584,F,mg,-4,1.65,3.94,5.59
LD584,F,mg,-3,1.12,3.78,4.9
LD584,F,mg,-2,-0.08,3.63,3.55
LD584,F,mg,-1,-0.85,1.07,0.22
LD584,F,mg,1,-2.58,-1.55,-4.13
LD584,F,mg,2,2.92,2.28,5.2
LD584,F,mg,3,0.09,1.67,1.76
LD584,F,mg,4,1.6,3.01,4.61
LD584,F,mg,5,1.85,2.99,4.84
LD584,F,mg,6,0.33,0.75,1.08
LD584,F,mg,7,1.26,4.93,6.19
LD584,F,mg,8,0.63,4.66,5.29
LD584,F,mg,9,2.95,5.23,8.18
LD584,F,mg,10,0.16,4.83,4.99
LD584,F,mg,11,2.93,7.14,10.07
LD584,F,mg,12,2.94,6.96,9.9
LD584,F,mg,13,3.34,8.66,12
LD584,F,mg,14,6.31,3.11,9.42
LD584,F,mg,15,1.16,4.78,5.94
LD584,F,mg,16,1.37,0.49,1.86
LD584,F,mg,17,2.21,4.41,6.62
LD584,F,mg,18,3.95,6.4,10.35
LD584,F,mg,19,3,4.63,7.63
LD584,F,mg,20,2.4,5.48,7.88
LD584,F,mg,21,2.29,9.2,11.49
LD584,F,mg,22,0.89,1.66,2.55
LD584,F,mg,23,4.22,6.54,10.76
LD584,F,mg,24,2.41,1.78,4.19
LD584,F,mg,25,6.39,8.11,14.5
LD584,F,mg,26,4.41,7.79,12.2
LD584,F,mg,27,4.3,1.09,5.39
LD584,F,mg,28,6.17,5.47,11.64
LD586,F,mg,-7,9.03,5.06,14.09
LD586,F,mg,-6,8.295,1.035,9.33
LD586,F,mg,-5,2.14,0.53,2.67
LD586,F,mg,-4,8.58,4.78,13.36
LD586,F,mg,-3,2.84,1.19,4.03
LD586,F,mg,-2,0.37,1.5,1.87
LD586,F,mg,-1,1.69,9.91,11.6
LD586,F,mg,1,2.07,0.26,2.33
LD586,F,mg,2,3.93,4.47,8.4
LD586,F,mg,3,3.06,0.36,3.42
LD586,F,mg,4,6.69,6.31,13
LD586,F,mg,5,3.41,3.7,7.11
LD586,F,mg,6,1.59,1.25,2.84
LD586,F,mg,7,2.01,6.59,8.6
LD586,F,mg,8,2.11,3.44,5.55
LD586,F,mg,9,3.85,5.98,9.83
LD586,F,mg,10,3.57,5.5,9.07
LD586,F,mg,11,5.32,7.03,12.35
LD586,F,mg,12,4.31,9.55,13.86
LD586,F,mg,13,4.18,6.67,10.85
LD586,F,mg,14,5.37,4.08,9.45
LD586,F,mg,15,3.14,-0.11,3.03
LD586,F,mg,16,7.75,1.48,9.23
LD586,F,mg,17,7.91,0.96,8.87
LD586,F,mg,18,9.36,3.29,12.65
LD586,F,mg,19,8.12,4.49,12.61
LD586,F,mg,20,8.06,3.24,11.3
LD586,F,mg,21,7.62,0.32,7.94
LD586,F,mg,22,7.64,10.3,17.94
LD586,F,mg,23,7.97,2.57,10.54
LD586,F,mg,24,9.32,3.37,12.69
LD586,F,mg,25,10.57,3.95,14.52
LD586,F,mg,26,8.93,3.17,12.1
LD586,F,mg,27,6.15,1.32,7.47
LD586,F,mg,28,9.47,4.95,14.42
SEM1978,F,mg,-7,4.45,12.44,16.89
SEM1978,F,mg,-6,0.335,6.675,7.01
SEM1978,F,mg,-5,-0.33,6.52,6.19
SEM1978,F,mg,-4,-0.26,7.31,7.05
SEM1978,F,mg,-3,-0.07,1.74,1.67
SEM1978,F,mg,-2,0.52,7.89,8.41
SEM1978,F,mg,-1,0.13,8.96,9.09
SEM1978,F,mg,1,-1.5,3.33,1.83
SEM1978,F,mg,2,2.2,7.64,9.84
SEM1978,F,mg,3,4.36,8.5,12.86
LD18221,M,mg,-7,7.58,3.29,10.87
LD18221,M,mg,-6,5.345,1.985,7.33
LD18221,M,mg,-5,3.08,3.39,6.47
LD18221,M,mg,-4,6.8,2.09,8.89
LD18221,M,mg,-3,3.01,2.05,5.06
LD18221,M,mg,-2,4.7,1.75,6.45
LD18221,M,mg,-1,-0.12,0.85,0.73
LD18221,M,mg,1,0.39,4.33,4.72
LD18221,M,mg,2,4.6,1.55,6.15
LD18221,M,mg,3,2.68,2.78,5.46
